K,RMSE
9,3.538776543
5,3.539336
10,3.539625
8,3.54108125
6,3.592727778
11,3.600159504
12,3.60323125
7,3.614691837
13,3.620826627
14,3.659637245
4,3.6941
15,3.712949778
16,3.748832031
19,3.75489446
22,3.763205165
